{"rr_coeff": [-35.20755688323626, 2.098733612824688, 2.350945761726805, 2.3509457617275364, 2.350945669584229, 0.16010271735734036], "rr_incpt": 147.65714494490803, "rr_alpha": 1e-09, "R2": 0.999920110375395, "MSE": 5.058715613423773e-08, "cross_val_score_mean": 0.998045539243746, "n_samples": 41, "linkage_length": 0.9504035118554902, "training_ID": 5}