{"rr_coeff": [-35.20731450655494, 2.0987191637919853, 2.914199577534413, 2.91419957753381, 2.9141995705246564, 0.03464481827425955], "rr_incpt": 147.6561285690852, "rr_alpha": 1e-09, "R2": 0.9999201123195796, "MSE": 5.058592505115769e-08, "cross_val_score_mean": 0.9980526739054982, "n_samples": 41, "linkage_length": 1.1772676247284746, "training_ID": 5}