{"B": 2.424587358171288, "res_B": 1.465209172254905e-09, "mu": 0.0014875156213421234, "res_mu": 3.582828455994545e-11, "Kbond": 8.39901698348374, "Kangle": 0.002577243219197614, "r0": 8.387233947936405, "cosT0": -0.5}