{"B": 2.4245873581713235, "res_B": 1.465209172254905e-09, "mu": 0.3139209530562248, "res_mu": 3.5828284655525396e-11, "Kbond": 4.199508491741931, "Kangle": 4.544040317615293, "r0": 8.387233947936405, "cosT0": -0.5}