{"B": 1.4234585134957933, "res_B": 8.18179443832271e-11, "mu": 0.08433985250657076, "res_mu": 4.694172567159788e-10, "Kbond": 2.465502467841182, "Kangle": 5.054205250785008, "r0": 17.382841267336413, "cosT0": -0.5}