{"B": 1.4234585134957873, "res_B": 8.18179443832271e-11, "mu": 9.304007540078131e-05, "res_mu": 4.694172533744172e-10, "Kbond": 4.931004935682344, "Kangle": 0.00016115540445283565, "r0": 17.382841267336413, "cosT0": -0.5}