{"rr_coeff": [-42.85090294034523, 1.2325191428411113, 5.052558949793582, 5.052558947136627, 5.052543842427576, 14.56905677933205], "rr_incpt": 372.448552719082, "rr_alpha": 1e-12, "R2": 0.9999853857446716, "MSE": 6.162419792324247e-08, "cross_val_score_mean": 0.9996111996704199, "n_samples": 41, "linkage_length": 5.442950738138887, "training_ID": 15}