{"rr_coeff": [-42.85090545387006, 1.2325192151401523, 5.164111838608589, 5.164111835704369, 5.164112180550771, 13.682885787483928], "rr_incpt": 372.4485745637426, "rr_alpha": 1e-12, "R2": 0.9999853857323878, "MSE": 6.162424971995541e-08, "cross_val_score_mean": 0.9996112300124362, "n_samples": 41, "linkage_length": 5.526160400211499, "training_ID": 12}