{"B": 2.439424440335421, "res_B": 3.47716648021762e-10, "mu": 0.3175181723401228, "res_mu": 2.974128937204106e-11, "Kbond": 4.225207071886222, "Kangle": 4.595964177120318, "r0": 8.38555984591228, "cosT0": -0.5}