{"rr_coeff": [-35.45763986719057, 2.114066191466055, -2.213737211717015, -2.213737211730977, -2.2137372864115785, 2.858694885636462], "rr_incpt": 148.67603025611137, "rr_alpha": 1e-07, "R2": 0.998128024276201, "MSE": 1.1986343952942948e-06, "cross_val_score_mean": -4.186447926566045, "n_samples": 41, "linkage_length": 2.469504165921976, "training_ID": 11}