{"B": 2.439424440335391, "res_B": 3.47716648021762e-10, "mu": 0.0015051618630116587, "res_mu": 2.974128941815776e-11, "Kbond": 8.45041414377234, "Kangle": 0.00260782135300679, "r0": 8.38555984591228, "cosT0": -0.5}