{"rr_coeff": [-35.39371814112913, 2.1102543342426547, 2.689559187716935, 2.6895596852337365, 2.642694494919692, 2.8087028448450475], "rr_incpt": 148.40809944916975, "rr_alpha": 1e-12, "R2": 0.9990532847352093, "MSE": 6.061860015072002e-07, "cross_val_score_mean": 0.7711630837024891, "n_samples": 41, "linkage_length": 1.1202763946649728, "training_ID": 6}