{"B": 1.234459358678161, "res_B": 5.274949570281586e-09, "mu": 1.2624658348058648e-05, "res_mu": 7.705980668344347e-09, "Kbond": 4.276292658218933, "Kangle": 2.1866661500814673e-05, "r0": 23.39651109468728, "cosT0": -0.5}