{"B": 1.2344593586781527, "res_B": 5.274949570281586e-09, "mu": 0.020732090147930534, "res_mu": 7.705980649178412e-09, "Kbond": 2.1381463291094525, "Kangle": 2.2025494982336475, "r0": 23.39651109468728, "cosT0": -0.5}