{"rr_coeff": [-50.02579891136032, 1.0690573688684142, -0.4694924969390164, -0.4694924968095233, -0.4694929711023196, 0.5991469167219168], "rr_incpt": 585.230644945403, "rr_alpha": 1e-08, "R2": 0.9999906950424382, "MSE": 9.996546093119906e-08, "cross_val_score_mean": 0.9644637317417459, "n_samples": 41, "linkage_length": 2.5417380099670823, "training_ID": 4}