{"rr_coeff": [-44.433621987690564, 1.2791081824214825, 5.4918818964298355, 5.491881896561437, 5.491881767869041, 0.834573938638531], "rr_incpt": 385.8834601089656, "rr_alpha": 1e-10, "rr_score": 0.9999810912442401, "n_samples": 20, "MSE": 2.3205110481923547e-07}