{"rr_coeff": [-44.434194817131676, 1.2791246730616976, 4.420055586433513, 4.420055641437439, 4.420039927860401, 28.38258591898578], "rr_incpt": 385.8884341735058, "rr_alpha": 1e-12, "rr_score": 0.9999832994058849, "n_samples": 28, "MSE": 1.657677330041565e-07}