{"B": 1.4613999804552296, "res_B": 6.9366329765545515e-09, "mu": 0.00015739370542716566, "res_mu": 4.2068829692598824e-10, "Kbond": 5.062438032657243, "Kangle": 0.0002726285757267001, "r0": 12.885237820368298, "cosT0": -0.5}