{"rr_coeff": [-32.600638171496115, 1.2649152083216957, 0.016154633821918674, 0.016154633816956306, 0.016154644121368363, 2.4882856459477507], "rr_incpt": 210.05392172629584, "rr_alpha": 1e-08, "R2": 0.9998978943257837, "MSE": 1.3762496198943587e-07, "cross_val_score_mean": 0.9972341921285163, "n_samples": 41, "linkage_length": 5.099714177662021, "training_ID": 19}