{"B": 1.4613999804552569, "res_B": 6.9366329765545515e-09, "mu": 0.07839592553461008, "res_mu": 4.206882972424689e-10, "Kbond": 2.531219016328669, "Kangle": 2.5739748176980597, "r0": 12.885237820368298, "cosT0": -0.5}