{"rr_coeff": [-32.60059282738966, 1.264913448784674, 0.016167542548879543, 0.016167542548880327, 0.016167554276290668, 2.487893822000727], "rr_incpt": 210.05362961073823, "rr_alpha": 1e-08, "R2": 0.9998978918358059, "MSE": 1.3762831815054675e-07, "cross_val_score_mean": 0.9972243528631192, "n_samples": 41, "linkage_length": 5.107330718566434, "training_ID": 15}