{"rr_coeff": [-44.42113864473973, 1.2799477652015108, 4.300287500822739, 4.3002874996201825, 4.300344580463251, 29.78939523811332], "rr_incpt": 385.4136937948321, "rr_alpha": 1e-12, "rr_score": 0.9999907576797517, "n_samples": 21, "MSE": 4.9685879149484735e-08}