{"rr_coeff": [-42.85098061924711, 1.232521370327686, 4.307167976457185, 4.307168125111985, 4.307206349178895, 28.862561739032003], "rr_incpt": 372.4492298911452, "rr_alpha": 1e-12, "rr_score": 0.9999853989886461, "n_samples": 41, "MSE": 6.156836543876843e-08}