{"rr_coeff": [-42.959069444683, 1.2356306452505343, 11.212612831005409, 11.212612830786332, -9.555996466393855, 26.431267499129316], "rr_incpt": 373.3883477302131, "rr_alpha": 1e-11, "rr_score": 0.9999847251527367, "n_samples": 21, "MSE": 8.179430306733175e-08}