{"B": 0.8861577489407702, "res_B": 1.8578944728706242e-08, "mu": 0.011119805606977845, "res_mu": 1.6018485473243118e-09, "Kbond": 1.5348702446862792, "Kangle": 1.5557729373831655, "r0": 26.878110776262183, "cosT0": -0.5}