{"rr_coeff": [-41.24696904088164, 0.767265838751512, 0.232343311163882, 0.23234331124637342, 0.23551866952650094, 1.3605643201059514], "rr_incpt": 554.3425664259354, "rr_alpha": 1e-11, "R2": 0.9999808434334071, "MSE": 1.8530041853450585e-07, "cross_val_score_mean": 0.9980634923595981, "n_samples": 41, "linkage_length": 12.73699984138735, "training_ID": 18}