{"B": 1.5348702446864595, "res_B": 1.8578944904572838e-08, "mu": 0.019260068281574907, "res_mu": 1.6018485473243118e-09, "Kbond": 2.658473246822622, "Kangle": 2.694677772588314, "r0": 26.878110776262183, "cosT0": -0.5}