{"rr_coeff": [-41.24710786133454, 0.7672684211574429, 0.551401517882787, 0.5514015178815921, 0.5505198981610759, 1.1603249788976135], "rr_incpt": 554.3444319208018, "rr_alpha": 1e-12, "R2": 0.9999808427884272, "MSE": 1.8530665738927192e-07, "cross_val_score_mean": 0.9981690294901985, "n_samples": 41, "linkage_length": 12.810963059048898, "training_ID": 23}