{"B": 0.8861577489383602, "res_B": 1.857894477893472e-08, "mu": 5.13072173906493e-06, "res_mu": 1.6018485365454104e-09, "Kbond": 3.0697404893642104, "Kangle": 8.886696457884849e-06, "r0": 26.878110776262183, "cosT0": -0.5}