{"rr_coeff": [-44.421813587855965, 1.2799697088631314, 4.666869293629373, 4.66686932354902, 4.667062382128069, 20.50646715009032], "rr_incpt": 385.4187931882611, "rr_alpha": 1e-12, "R2": 0.9999882466833568, "MSE": 5.312230270182852e-08, "cross_val_score_mean": 0.9996865674389438, "n_samples": 41, "linkage_length": 5.065084342964389, "training_ID": 11}