{"B": 1.478237569109625, "res_B": 5.517314177324262e-11, "mu": 0.08562257410779134, "res_mu": 7.166557269094488e-10, "Kbond": 2.56038257535498, "Kangle": 5.1094517403813695, "r0": 17.352109548422437, "cosT0": -0.5}