{"B": 1.4782375691095941, "res_B": 5.517314177324262e-11, "mu": 9.478998699764177e-05, "res_mu": 7.166557318107426e-10, "Kbond": 5.120765150709853, "Kangle": 0.00016418633764225034, "r0": 17.352109548422437, "cosT0": -0.5}