{"rr_coeff": [-44.421813587867675, 1.2799697088634712, 4.666872434664408, 4.666872436421744, 4.667056133907414, 20.506467122581768], "rr_incpt": 385.4187931883621, "rr_alpha": 1e-12, "R2": 0.9999882466833687, "MSE": 5.312230264773389e-08, "cross_val_score_mean": 0.9996865674903247, "n_samples": 41, "linkage_length": 5.065084342964389, "training_ID": 11}