{"rr_coeff": [-44.421826288055044, 1.2799700748190168, 5.109715155048229, 5.10971529539711, 5.109681302988151, 14.736162968310527], "rr_incpt": 385.41890336852833, "rr_alpha": 1e-12, "R2": 0.99998824657594, "MSE": 5.312278820111468e-08, "cross_val_score_mean": 0.9996873489410345, "n_samples": 41, "linkage_length": 5.433413308131101, "training_ID": 15}