{"rr_coeff": [-46.8458692391641, 1.1489361456115463, 0.23506537065809238, 0.2350911420191455, 0.23033392325106145, 1.49255107628031], "rr_incpt": 477.51467191429407, "rr_alpha": 1e-12, "R2": 0.9999910205479318, "MSE": 6.373952622258008e-08, "cross_val_score_mean": 0.9986020728508448, "n_samples": 41, "linkage_length": 0.1, "training_ID": 0}