{"B": 1.3268885737532212, "res_B": 2.697726051854006e-10, "mu": 2.8603033992335805e-05, "res_mu": 3.748628675045878e-09, "Kbond": 4.596476851446365, "Kangle": 4.95424421054336e-05, "r0": 20.386045773124266, "cosT0": -0.5}