{"B": 1.3268885737532259, "res_B": 2.697726051854006e-10, "mu": 0.035661478678740845, "res_mu": 3.748628678403045e-09, "Kbond": 2.2982384257231905, "Kangle": 2.891073114092229, "r0": 20.386045773124266, "cosT0": -0.5}