{"rr_coeff": [-46.84586924280164, 1.1489361457007674, 0.2350874912877039, 0.2350877018948799, 0.23031524458761288, 1.4925510779586346], "rr_incpt": 477.51467195136865, "rr_alpha": 1e-12, "R2": 0.9999910205479359, "MSE": 6.373952619311128e-08, "cross_val_score_mean": 0.9986020727563916, "n_samples": 41, "linkage_length": 0.1, "training_ID": 0}