{"B": 1.1305439290888146, "res_B": 6.9444590259064025e-09, "mu": 5.91374787083773e-05, "res_mu": 4.775829669197514e-09, "Kbond": 3.9163190507407455, "Kangle": 0.0001024317968003527, "r0": 22.383611065810694, "cosT0": -0.5}