{"rr_coeff": [-43.82395913398176, 0.9788833600161617, 6.609407688976644, 6.6094078518067185, 6.608962903481277, 148.90832236111362], "rr_incpt": 490.49239779972373, "rr_alpha": 1e-12, "R2": 0.9999819011659984, "MSE": 1.3059548725074735e-07, "cross_val_score_mean": 0.9993388162648904, "n_samples": 41, "linkage_length": 7.105350862887587, "training_ID": 12}