{"rr_coeff": [-43.8236967384593, 0.9788774986750415, 6.690647020453532, 6.690647013772423, 6.69011227744558, 62.43966388500203], "rr_incpt": 490.489461318589, "rr_alpha": 1e-12, "R2": 0.9999819082715783, "MSE": 1.3054421562385413e-07, "cross_val_score_mean": 0.9994693513695558, "n_samples": 41, "linkage_length": 7.914235616250657, "training_ID": 17}