{"B": 1.1305439290888197, "res_B": 6.9444590259064025e-09, "mu": 0.08888825110283646, "res_mu": 4.775829593248851e-09, "Kbond": 1.9581595253703816, "Kangle": 8.92155358684441, "r0": 22.383611065810694, "cosT0": -0.5}