{"B": 1.1929816295483096, "res_B": 4.047275916237598e-09, "mu": 0.02070748090129857, "res_mu": 7.128814209334474e-09, "Kbond": 2.0663047948739846, "Kangle": 2.20566651691847, "r0": 23.42364145443949, "cosT0": -0.5}