{"rr_coeff": [-48.422780209878624, 1.0335984059796288, 0.25281337134774806, 0.25372431689085645, -0.5075353878786415, 0.00019293196983046035], "rr_incpt": 567.1365043889932, "rr_alpha": 1e-12, "R2": 0.9999543373936001, "MSE": 4.600805371486508e-07, "cross_val_score_mean": -4.417757041449475, "n_samples": 41, "linkage_length": 12.61064850652607, "training_ID": 25}