{"rr_coeff": [-48.40019453778716, 1.0331164074822778, -0.6662439364835384, -0.6662439321830462, -0.666316856071732, 7.4873142850302035], "rr_incpt": 566.8719423960684, "rr_alpha": 1e-10, "R2": 0.9999876257314989, "MSE": 1.2467882470271997e-07, "cross_val_score_mean": 0.9545331405048718, "n_samples": 41, "linkage_length": 3.7668907559641305, "training_ID": 6}