{"B": 1.1929816295483024, "res_B": 4.047275916237598e-09, "mu": 1.2580479418387467e-05, "res_mu": 7.128814216874317e-09, "Kbond": 4.132609589747945, "Kangle": 2.179014442921611e-05, "r0": 23.42364145443949, "cosT0": -0.5}