{"rr_coeff": [-38.9666609276209, 0.8987418833826001, 0.18716844733831772, 0.187168447338269, 0.18716830755309208, 3.9701942702013557], "rr_incpt": 422.36839277578633, "rr_alpha": 1e-08, "R2": 0.9999628584249548, "MSE": 2.0591242724728334e-07, "cross_val_score_mean": 0.999019787196977, "n_samples": 41, "linkage_length": 8.555864982123314, "training_ID": 19}