{"B": 1.0381648636070284, "res_B": 6.572310925478765e-09, "mu": 0.03064338617759428, "res_mu": 8.093055366575335e-10, "Kbond": 1.7981542904001868, "Kangle": 2.8126683975390625, "r0": 21.67720039312071, "cosT0": -0.5}