{"B": 1.0381648636070078, "res_B": 6.572310925478765e-09, "mu": 2.173747596655055e-05, "res_mu": 8.093055408520573e-10, "Kbond": 3.596308580800302, "Kangle": 3.765080697556279e-05, "r0": 21.67720039312071, "cosT0": -0.5}