{"rr_coeff": [-38.96691266210021, 0.8987476896609533, 0.0652206952523247, 0.06522069522765737, 0.06522056026782182, 3.281376115179084], "rr_incpt": 422.37112111878906, "rr_alpha": 1e-08, "R2": 0.9999628571533374, "MSE": 2.059194770783672e-07, "cross_val_score_mean": 0.9989939923592025, "n_samples": 41, "linkage_length": 9.143031744471878, "training_ID": 16}