{"B": 2.170971475219725, "res_B": 2.106507309660818e-09, "mu": 0.005624033120230399, "res_mu": 1.2860674117439539e-11, "Kbond": 7.520465793726643, "Kangle": 0.009753744941256784, "r0": 6.401107378175904, "cosT0": -0.5}