{"rr_coeff": [-23.137647196782712, 1.8214371897929733, 0.49851124224128723, 0.4979919501351593, 0.4365017341174383, 1173.6550984495136], "rr_incpt": 73.3537259768225, "rr_alpha": 1e-12, "R2": 0.9989663470076688, "MSE": 1.6509448383443287e-07, "cross_val_score_mean": 0.9283200987958252, "n_samples": 41, "linkage_length": 1.260895856625858, "training_ID": 8}