{"rr_coeff": [-24.450035400918644, 1.9034747989802125, -0.13788296348020998, -0.1378835611658585, -0.13799703873703772, 51.939660916982064], "rr_incpt": 78.56461305556617, "rr_alpha": 1e-09, "R2": 0.9998336578226421, "MSE": 2.6568080501426467e-08, "cross_val_score_mean": 0.992996789523658, "n_samples": 41, "linkage_length": 0.9159351813389347, "training_ID": 4}