{"B": 2.170971475219689, "res_B": 2.106507309660818e-09, "mu": 0.6913203630464511, "res_mu": 1.286067313511556e-11, "Kbond": 3.7602328968632595, "Kangle": 6.483729212595876, "r0": 6.401107378175904, "cosT0": -0.5}