{"rr_coeff": [-40.0437724246679, 0.9248086636025872, 2.562462270298053, 2.562462270319875, 2.562460014397457, 0.6490621716302081], "rr_incpt": 433.46905938190866, "rr_alpha": 1e-08, "rr_score": 0.9999559886255696, "n_samples": 21, "MSE": 3.0602099518773145e-07}