{"B": 0.46535009946935874, "res_B": 3.6100790785312243e-07, "mu": 0.019177578006594562, "res_mu": 1.3318898010535054e-10, "Kbond": 0.8060100155881601, "Kangle": 1.9254241407040051, "r0": 22.604041211946154, "cosT0": -0.5}