{"rr_coeff": [-18.190532851905704, 0.4023636591575364, 0.01080746909549784, 0.010331687266234036, -0.019341000174210143, 1.2603999310736438], "rr_incpt": 205.59387995893997, "rr_alpha": 1e-11, "R2": 0.9999952051242071, "MSE": 6.275379437647799e-09, "cross_val_score_mean": 0.9899994349188765, "n_samples": 41, "linkage_length": 10.3128739309548, "training_ID": 22}