{"B": 0.46535009946934947, "res_B": 3.6100790785312243e-07, "mu": 1.2511239050561666e-05, "res_mu": 1.3318898082604876e-10, "Kbond": 1.6120200311762882, "Kangle": 2.1670393012493735e-05, "r0": 22.604041211946154, "cosT0": -0.5}