{"rr_coeff": [-18.317003479202448, 0.4051338674645386, -0.025629011922790806, -0.025150789674982972, -0.03457261071439511, 3.3741041488394043], "rr_incpt": 207.0386637735063, "rr_alpha": 1e-12, "R2": 0.9999941277223081, "MSE": 7.685448439404298e-09, "cross_val_score_mean": 0.9238705506745395, "n_samples": 41, "linkage_length": 6.585380350826518, "training_ID": 11}