{"B": 0.8646186643421105, "res_B": 1.8447296076140468e-08, "mu": 0.010990356035586202, "res_mu": 7.0594703115586496e-09, "Kbond": 1.4975634558128765, "Kangle": 1.541124194400944, "r0": 26.907253612280783, "cosT0": -0.5}