{"rr_coeff": [-40.28305506467285, 0.7485225264650722, 1.4523995182246843, 1.4523995182246476, 1.452396850466838, 3.3788924495598374], "rr_incpt": 541.975842935892, "rr_alpha": 1e-08, "R2": 0.9999789694688526, "MSE": 1.9444927390551965e-07, "cross_val_score_mean": 0.9867731479986924, "n_samples": 41, "linkage_length": 8.952056368203293, "training_ID": 16}