{"B": 1.4975634558193827, "res_B": 1.8447295475916805e-08, "mu": 0.019035855046906566, "res_mu": 7.0594703115586496e-09, "Kbond": 2.5938559930376, "Kangle": 2.6693054054760164, "r0": 26.907253612280783, "cosT0": -0.5}