{"rr_coeff": [-40.282404718813304, 0.7485104438785237, 2.014234693612546, 2.014234694489685, 2.014176036718029, 2.5381496664335086], "rr_incpt": 541.9670922539966, "rr_alpha": 1e-08, "R2": 0.9999789598787836, "MSE": 1.9453794413081082e-07, "cross_val_score_mean": 0.9899975717901707, "n_samples": 41, "linkage_length": 8.533869561772878, "training_ID": 12}