{"B": 0.8646186643467652, "res_B": 1.84472951265489e-08, "mu": 5.0600145169934676e-06, "res_mu": 7.0594703150807085e-09, "Kbond": 2.995126911641877, "Kangle": 8.764227875948172e-06, "r0": 26.907253612280783, "cosT0": -0.5}