{"rr_coeff": [-46.839287514081114, 0.9228042838617592, -3.9135174554212897, -3.9135174556052563, -3.913494038001074, 38.96531681905634], "rr_incpt": 594.3619071843841, "rr_alpha": 1e-10, "R2": 0.9999961202632753, "MSE": 4.1290170876339416e-08, "cross_val_score_mean": 0.998235101160523, "n_samples": 41, "linkage_length": 3.4129204316736184, "training_ID": 5}