{"rr_coeff": [-46.82902684727387, 0.922602128718038, 0.5842218152544074, 0.5842217564826777, 0.5926106677258871, 0.15851320603665733], "rr_incpt": 594.2317171322663, "rr_alpha": 1e-12, "R2": 0.9999955315873225, "MSE": 4.755516574745084e-08, "cross_val_score_mean": 0.9962405291203467, "n_samples": 41, "linkage_length": 0.1, "training_ID": 0}