{"B": 1.8451728491605102, "res_B": 3.246944069588703e-08, "mu": 0.13211549371555234, "res_mu": 1.0373743617239691e-08, "Kbond": 3.195933123492628, "Kangle": 16.983466894708737, "r0": 25.3781952807195, "cosT0": -0.5}