{"B": 1.0653110411628317, "res_B": 3.246944038366495e-08, "mu": 3.947756890613126e-05, "res_mu": 1.0373743486235347e-08, "Kbond": 3.690345698316248, "Kangle": 6.837842206515026e-05, "r0": 25.3781952807195, "cosT0": -0.5}