{"B": 1.065311041164109, "res_B": 3.246944066129308e-08, "mu": 0.07627691586079448, "res_mu": 1.0373743617239691e-08, "Kbond": 1.8451728491603363, "Kangle": 9.805409183433227, "r0": 25.3781952807195, "cosT0": -0.5}