{"B": 1.166307500951303, "res_B": 7.692204843797797e-09, "mu": 6.0311605162740393e-05, "res_mu": 6.187628221465832e-09, "Kbond": 4.040207697792687, "Kangle": 0.00010446546546510527, "r0": 22.352232302398317, "cosT0": -0.5}