{"B": 1.1663075009513177, "res_B": 7.692204843797797e-09, "mu": 0.0903990666427681, "res_mu": 6.187628222213578e-09, "Kbond": 2.020103848896369, "Kangle": 9.042520431470747, "r0": 22.352232302398317, "cosT0": -0.5}