{"rr_coeff": [-45.14718765905216, 1.0098590176477769, 7.083197737994923, 7.083197731901818, 7.083184404736495, 103.04809181978884], "rr_incpt": 504.5923511601275, "rr_alpha": 1e-11, "R2": 0.9999838417766505, "MSE": 1.2348451056489495e-07, "cross_val_score_mean": 0.999043298013386, "n_samples": 41, "linkage_length": 7.095441779704731, "training_ID": 12}