{"rr_coeff": [-45.1468178652112, 1.0098507455548593, 6.8866699242237885, 6.886658402390366, 6.886695770366758, 62.31052819350443], "rr_incpt": 504.588218641346, "rr_alpha": 1e-12, "R2": 0.9999842505143438, "MSE": 1.203608519224374e-07, "cross_val_score_mean": 0.9994882339707486, "n_samples": 41, "linkage_length": 7.903198947740098, "training_ID": 17}