{"rr_coeff": [-37.110844074666225, 2.7419598335575217, 1.159371607826607, 1.1593716083148868, 1.3291062060067385, 2.1205551549696766], "rr_incpt": 125.56839468267388, "rr_alpha": 1e-09, "rr_score": 0.9997537438714561, "n_samples": 21, "MSE": 1.4378820256728995e-07}