{"rr_coeff": [-37.11063419346158, 2.7419439030157013, 1.1540227386651074, 1.1540227385165458, 1.3193608380726656, 2.133408251198371], "rr_incpt": 125.56770437994093, "rr_alpha": 1e-09, "rr_score": 0.9997535482078517, "n_samples": 21, "MSE": 1.4389169940488992e-07}