{"B": 1.0681683389316938, "res_B": 7.525539234432516e-09, "mu": 0.03099876599820237, "res_mu": 9.88587994366244e-10, "Kbond": 1.8501218340661465, "Kangle": 2.837037019198557, "r0": 21.648474415187703, "cosT0": -0.5}