{"B": 1.0681683389316659, "res_B": 7.525539234432516e-09, "mu": 2.2047967376456207e-05, "res_mu": 9.885879876879848e-10, "Kbond": 3.7002436681321957, "Kangle": 3.818859382332209e-05, "r0": 21.648474415187703, "cosT0": -0.5}