{"rr_coeff": [-40.03979796674266, 0.9247191604313041, 0.06625768395304223, 0.0662576839530476, 0.06625767327273374, 3.3129393508190943], "rr_incpt": 433.4249477038771, "rr_alpha": 1e-08, "R2": 0.9999636500159003, "MSE": 2.1228844006758448e-07, "cross_val_score_mean": 0.9989780534315725, "n_samples": 41, "linkage_length": 9.130936595868507, "training_ID": 16}