{"rr_coeff": [-40.038278112278796, 0.9246841262060267, 1.0883442459406194, 1.0883442459365558, 1.0785784714865974, 5.90882184076223], "rr_incpt": 433.4084645549289, "rr_alpha": 1e-08, "R2": 0.9999635824184687, "MSE": 2.1268321749779498e-07, "cross_val_score_mean": 0.9990330556521878, "n_samples": 41, "linkage_length": 7.6556703115487785, "training_ID": 17}