{"rr_coeff": [-32.55769011553373, 1.5442076785186627, 0.3247011175430982, 0.3247012093265766, 0.3247025174297473, 1.559498371848452], "rr_incpt": 171.11748407036848, "rr_alpha": 1e-08, "R2": 0.9999455159599566, "MSE": 5.0723648005992796e-08, "cross_val_score_mean": 0.9961687386091723, "n_samples": 41, "linkage_length": 6.350705609135956, "training_ID": 24}