{"B": 1.8179382783056321, "res_B": 3.2122778243725162e-09, "mu": 0.14711953401675862, "res_mu": 7.659694313127793e-11, "Kbond": 3.1487614630496443, "Kangle": 3.3057372107256846, "r0": 10.584509348559928, "cosT0": -0.5}