{"rr_coeff": [-33.83536853530664, 1.5952142760050543, -0.1073688292804993, -0.10734532758925748, -0.10721894281848887, 41.71504465559956], "rr_incpt": 179.50189551652556, "rr_alpha": 1e-10, "R2": 0.9999761297516156, "MSE": 2.222276607784368e-08, "cross_val_score_mean": 0.996535305201208, "n_samples": 41, "linkage_length": 1.7396593708252521, "training_ID": 6}