{"B": 1.8179382783056044, "res_B": 3.2122778243725162e-09, "mu": 0.0004377313223945839, "res_mu": 7.659694489593643e-11, "Kbond": 6.297522926099193, "Kangle": 0.0007582641795746933, "r0": 10.584509348559928, "cosT0": -0.5}