{"rr_coeff": [-45.52584338286698, 0.8958308321038441, 1.1128913587219673, 1.1128913604630817, 1.1131468626133516, 114.38266654315493], "rr_incpt": 578.4022853893772, "rr_alpha": 1e-11, "R2": 0.9999947631825237, "MSE": 5.275200157825806e-08, "cross_val_score_mean": 0.9980349292134829, "n_samples": 41, "linkage_length": 6.070596116361191, "training_ID": 9}