{"B": 1.7914998787754082, "res_B": 1.940811159844765e-08, "mu": 0.12993091098351864, "res_mu": 2.431206126615686e-08, "Kbond": 3.102968811792491, "Kangle": 16.75149475075206, "r0": 25.40918360241392, "cosT0": -0.5}