{"B": 1.034322937267753, "res_B": 1.9408111872594204e-08, "mu": 0.07501564643238766, "res_mu": 2.431206126615686e-08, "Kbond": 1.7914998787816245, "Kangle": 9.671480003674024, "r0": 25.40918360241392, "cosT0": -0.5}