{"rr_coeff": [-45.51272876060726, 0.8955727651849433, 4.933239844085914, 4.933239748783919, 4.933273263232745, 69.59153694130131], "rr_incpt": 578.2356793891576, "rr_alpha": 1e-10, "R2": 0.9999919455301026, "MSE": 8.113504254377883e-08, "cross_val_score_mean": 0.9970960817864037, "n_samples": 41, "linkage_length": 7.9338845662663875, "training_ID": 15}