{"B": 1.0343229372658005, "res_B": 1.9408111669479065e-08, "mu": 3.873014996216655e-05, "res_mu": 2.4312061232731632e-08, "Kbond": 3.5829997575564856, "Kangle": 6.708384349414548e-05, "r0": 25.40918360241392, "cosT0": -0.5}