{"B": 0.47945508960076216, "res_B": 4.891188732377521e-07, "mu": 0.019536324471591114, "res_mu": 9.300841096099917e-11, "Kbond": 0.8304405751360084, "Kangle": 1.956822632862825, "r0": 22.58008187830937, "cosT0": -0.5}