{"rr_coeff": [-18.73334313514372, 0.4148167198008435, 0.42344000073974375, 0.4217136212016877, -0.8436550051533661, 1.2618773179873388], "rr_incpt": 211.50117608865006, "rr_alpha": 1e-12, "R2": 0.9999902219208453, "MSE": 1.353840782949652e-08, "cross_val_score_mean": 0.9465270661140832, "n_samples": 41, "linkage_length": 10.301968303230472, "training_ID": 22}