{"B": 0.4794550896007556, "res_B": 4.891188732377521e-07, "mu": 1.2772343223857348e-05, "res_mu": 9.300841135128566e-11, "Kbond": 1.6608811502719942, "Kangle": 2.2122642061168863e-05, "r0": 22.58008187830937, "cosT0": -0.5}