{"rr_coeff": [-18.396525429209603, 0.4074755749724301, 0.1313869085522808, 0.13138689652106517, 0.131388544843885, 2.7349165096796573], "rr_incpt": 207.63767613646894, "rr_alpha": 1e-07, "R2": 0.999988724988335, "MSE": 1.5611011507150204e-08, "cross_val_score_mean": 0.9640074147933834, "n_samples": 41, "linkage_length": 7.167394277360854, "training_ID": 12}