{"rr_coeff": [-49.85999701479752, 1.4003018666893938, 16.756783067995613, 16.756783068003514, 16.756782849533202, 30.551767656051386], "rr_incpt": 443.8363156932706, "rr_alpha": 1e-07, "R2": 0.9999893002464733, "MSE": 2.8917666867956276e-07, "cross_val_score_mean": 0.9988232362963998, "n_samples": 41, "linkage_length": 5.562790424334794, "training_ID": 18}