{"rr_coeff": [-32.76397867626037, 1.2920070058464257, 0.41883153587896454, 0.41883153587897093, 0.33473525417557076, 2.8576604584611993], "rr_incpt": 207.7152620490884, "rr_alpha": 1e-08, "R2": 0.9999169359886557, "MSE": 1.0918228528399424e-07, "cross_val_score_mean": 0.9978882615796211, "n_samples": 41, "linkage_length": 4.759578564313603, "training_ID": 18}