{"rr_coeff": [-32.763936457728484, 1.292005516922185, 0.008943140539111575, 0.008943140542681954, 0.008939987041161016, 2.4829425199550994], "rr_incpt": 207.71496641633567, "rr_alpha": 1e-08, "R2": 0.999915932761244, "MSE": 1.1050096300849692e-07, "cross_val_score_mean": 0.9977767520259746, "n_samples": 41, "linkage_length": 5.354104419691793, "training_ID": 16}