{"B": 1.4928424999148946, "res_B": 4.408996516660191e-09, "mu": 0.00017693181245766846, "res_mu": 1.779822994671107e-10, "Kbond": 5.171358115101469, "Kangle": 0.0003064730502571408, "r0": 12.678497996768009, "cosT0": -0.5}