{"B": 1.4928424999149104, "res_B": 4.408996516660191e-09, "mu": 0.0853223471222323, "res_mu": 1.7798230035596306e-10, "Kbond": 2.5856790575507618, "Kangle": 2.7171161671604636, "r0": 12.678497996768009, "cosT0": -0.5}