{"B": 1.618403004066553, "res_B": 6.753100718691878e-08, "mu": 0.2288489515576287, "res_mu": 1.0201762839358919e-05, "Kbond": 2.80315623016537, "Kangle": 15.019847417402843, "cosT0": -0.5}