{"rr_coeff": [-67.42724047196181, 2.709716234723747, 250.8265199941785, 250.82651489756958, -353.67919915129085, -450.7130439588638], "rr_incpt": 837.92560710736, "rr_alpha": 1e-10, "rr_score": 0.9304140555217716, "n_samples": 21, "MSE": 0.00018649407173986583}