{"rr_coeff": [-53.15524619166588, 3.9912227995305494, 1.11269415704057, 1.1126941556643308, -0.9959077281336962, 0.5007074803178762], "rr_incpt": 176.97917784805554, "rr_alpha": 1e-09, "rr_score": 0.9997717801348247, "n_samples": 21, "MSE": 2.7399972812602284e-07}