{"rr_coeff": [-53.29768173736009, 4.002110628458634, 1.223009236565804, 1.2230092362270242, -0.902166913219649, 0.25584929098905834], "rr_incpt": 177.4449299016634, "rr_alpha": 1e-09, "rr_score": 0.9997720607839187, "n_samples": 21, "MSE": 2.745560152371631e-07}