{"rr_coeff": [-51.53602746953199, 1.317122651300609, 24.340886913960883, 24.34088662996905, 24.340905266909065, 7.460505099053756], "rr_incpt": 504.12183188657065, "rr_alpha": 1e-12, "R2": 0.9998836988092484, "MSE": 8.995734945821302e-07, "cross_val_score_mean": 0.9765257872670541, "n_samples": 41, "linkage_length": 6.7239897832449484, "training_ID": 13}