{"rr_coeff": [-51.67395292652355, 1.320631054669624, 12.309261603922451, 12.309260894969764, 12.309212133839651, 10.468487986343256], "rr_incpt": 505.4774580408494, "rr_alpha": 1e-12, "R2": 0.9999215950986474, "MSE": 6.064509799625672e-07, "cross_val_score_mean": 0.9850493478131709, "n_samples": 41, "linkage_length": 4.112916898089783, "training_ID": 10}