{"B": 1.5252029831920442, "res_B": 6.833752715295999e-09, "mu": 8.6484822114568e-05, "res_mu": 1.6367246998631177e-10, "Kbond": 5.283458117488482, "Kangle": 0.00014980035311146404, "r0": 19.56243167410062, "cosT0": -0.5}