{"B": 1.5252029831920706, "res_B": 6.833752715295999e-09, "mu": 0.09929030098667821, "res_mu": 1.6367247101127184e-10, "Kbond": 2.6417290587442865, "Kangle": 7.558611630886618, "r0": 19.56243167410062, "cosT0": -0.5}