{"B": 1.3076823540598288, "res_B": 1.1420128647971467e-09, "mu": 0.0001005334688164358, "res_mu": 1.209842733051045e-10, "Kbond": 4.529944554785794, "Kangle": 0.00017413576955358317, "r0": 12.823220133325503, "cosT0": -0.5}