{"rr_coeff": [-30.075130020540467, 1.1722893898549027, 0.759872151710351, 0.7598719285804025, 0.7594568165086003, 13.704129718689202], "rr_incpt": 192.89088289344272, "rr_alpha": 1e-09, "R2": 0.9999140235991556, "MSE": 9.207163832084338e-08, "cross_val_score_mean": 0.9917459891548981, "n_samples": 41, "linkage_length": 1.933018088274728, "training_ID": 7}