{"B": 1.3076823540598403, "res_B": 1.1420128647971467e-09, "mu": 0.04959365517437866, "res_mu": 1.2098427354922762e-10, "Kbond": 2.264972277392917, "Kangle": 1.5997524701601002, "r0": 12.823220133325503, "cosT0": -0.5}