{"rr_coeff": [-28.82467560892452, 1.1238271035425997, -0.01541668578539567, -0.015594455379806797, -0.2012932571716387, 3.4458948195559023], "rr_incpt": 184.83603365652843, "rr_alpha": 1e-12, "R2": 0.99993510908688, "MSE": 6.949130952708031e-08, "cross_val_score_mean": 0.997987020874244, "n_samples": 41, "linkage_length": 3.4219000350856588, "training_ID": 10}