{"B": 1.2798171539268566, "res_B": 1.7944657709323966e-10, "mu": 2.8088279883589276e-05, "res_mu": 2.269938639745236e-09, "Kbond": 4.433416669999028, "Kangle": 4.865086172834687e-05, "r0": 20.41575011297628, "cosT0": -0.5}