{"rr_coeff": [-45.249980933598394, 1.1081772542320885, 3.186271940440085, 3.1862719404407125, 3.1905914955404797, 1.8734628925989776], "rr_incpt": 461.9208630303956, "rr_alpha": 1e-09, "R2": 0.9999881024980318, "MSE": 7.899337556873951e-08, "cross_val_score_mean": 0.996845368943661, "n_samples": 41, "linkage_length": 5.965251756862095, "training_ID": 14}