{"rr_coeff": [-45.24885579025486, 1.1081496982417918, 0.5860863861009437, 0.5860863860975044, 0.5860827731306564, 1.9062115568748663], "rr_incpt": 461.90937855282897, "rr_alpha": 1e-09, "R2": 0.9999880929509796, "MSE": 7.90567631511783e-08, "cross_val_score_mean": 0.9970911793828641, "n_samples": 41, "linkage_length": 1.1639868480513833, "training_ID": 2}