{"B": 1.279817153926875, "res_B": 1.7944657709323966e-10, "mu": 0.035121825548768026, "res_mu": 2.2699386434829547e-09, "Kbond": 2.216708334999546, "Kangle": 2.8564477357724867, "r0": 20.41575011297628, "cosT0": -0.5}