{"rr_coeff": [-53.2530435067453, 3.9984968291205645, 10.655016159354517, 10.655016159311693, 18.561095744803698, 0.00023977757297136444], "rr_incpt": 177.30796246007, "rr_alpha": 1e-11, "R2": 0.9997893397988347, "MSE": 2.11969379749526e-07, "cross_val_score_mean": 0.9711288386426937, "n_samples": 41, "linkage_length": 1.4594569362350995, "training_ID": 8}