{"B": 4.653220499803085, "res_B": 7.757653339494027e-10, "mu": 0.00035386563718620996, "res_mu": 8.826977487125613e-11, "Kbond": 16.119228648959975, "Kangle": 0.0006129365687963095, "r0": 6.657420447118807, "cosT0": -0.5}