{"rr_coeff": [-53.25176236509084, 3.998400782922268, 69.90164206451183, 69.90164206408797, 125.4605717552108, 0.0024600943837917674], "rr_incpt": 177.30369067839032, "rr_alpha": 1e-12, "R2": 0.999789194713153, "MSE": 2.1211537598658628e-07, "cross_val_score_mean": 0.96780501732564, "n_samples": 41, "linkage_length": 2.5172462354787277, "training_ID": 18}