{"B": 4.653220499803164, "res_B": 7.757653339494027e-10, "mu": 0.047051298953711046, "res_mu": 8.82697751224225e-11, "Kbond": 8.059614324480124, "Kangle": 0.403369421512568, "r0": 6.657420447118807, "cosT0": -0.5}