{"rr_coeff": [-53.25215945145944, 3.998428804010466, -0.18131664019593527, -0.18131664074334733, 0.8074920851010157, 0.2867266901970957], "rr_incpt": 177.30507911643667, "rr_alpha": 1e-10, "R2": 0.9997897176603806, "MSE": 2.1158917880502627e-07, "cross_val_score_mean": 0.9742635446624706, "n_samples": 41, "linkage_length": 0.1, "training_ID": 0}