{"B": 1.3044175345317812, "res_B": 2.6099201779542066e-09, "mu": 0.049172670572581186, "res_mu": 1.2393898600822438e-10, "Kbond": 2.2593174440927752, "Kangle": 1.5872282916105684, "r0": 12.828231058542206, "cosT0": -0.5}