{"rr_coeff": [-28.723661706641206, 1.1194453313143193, 0.8656071410524295, 0.86560739788854, -1.9832522908579189, 3.3969909538401484], "rr_incpt": 184.26188410027348, "rr_alpha": 1e-10, "R2": 0.9999333001769157, "MSE": 7.123279391677848e-08, "cross_val_score_mean": 0.9848505015971779, "n_samples": 41, "linkage_length": 3.4232186996163705, "training_ID": 10}