{"B": 1.3044175345317508, "res_B": 2.6099201779542066e-09, "mu": 9.960221426410976e-05, "res_mu": 1.2393898554975932e-10, "Kbond": 4.518634888185446, "Kangle": 0.00017252268236223522, "r0": 12.828231058542206, "cosT0": -0.5}