{"rr_coeff": [-28.89818925638814, 1.1261763329517451, 0.055165812001645956, 0.05516581177472302, 0.055035982916084185, 43.44919722612381], "rr_incpt": 185.38481440296968, "rr_alpha": 1e-09, "R2": 0.9998601097459077, "MSE": 1.4939730242056124e-07, "cross_val_score_mean": 0.983915806726674, "n_samples": 41, "linkage_length": 1.6717804072673086, "training_ID": 6}