{"B": 1.4919676533872015, "res_B": 4.666785444518738e-09, "mu": 8.3595651220725e-05, "res_mu": 2.786957178126383e-10, "Kbond": 5.16832755783189, "Kangle": 0.00014479597169939247, "r0": 19.55465398316975, "cosT0": -0.5}