{"rr_coeff": [-50.50654341439698, 1.2913006050213502, 12.410806197291834, 12.4108067641198, 12.410708153571257, 9.789459746098965], "rr_incpt": 493.8646064646636, "rr_alpha": 1e-12, "R2": 0.9999076095695666, "MSE": 6.83275327934982e-07, "cross_val_score_mean": 0.9959094184897415, "n_samples": 41, "linkage_length": 4.51243849272139, "training_ID": 11}