{"rr_coeff": [-50.45803590105118, 1.290060114738488, 10.056458164878602, 10.05645816929833, 10.056458152560747, 12.053788532827122], "rr_incpt": 493.39040168980955, "rr_alpha": 1e-09, "R2": 0.9999087435759282, "MSE": 6.748887605709519e-07, "cross_val_score_mean": 0.9968868144211407, "n_samples": 41, "linkage_length": 3.6653309968996908, "training_ID": 7}