{"B": 1.491967653387224, "res_B": 4.666785444518738e-09, "mu": 0.0958970419892494, "res_mu": 2.7869571687315667e-10, "Kbond": 2.584163778915984, "Kangle": 7.291385503032299, "r0": 19.55465398316975, "cosT0": -0.5}