{"rr_coeff": [-34.67010116870302, 1.6316509151045915, -0.2485545392799614, -0.2485787043135865, -0.2486159463601912, 83.14316608928537], "rr_incpt": 184.25364294049413, "rr_alpha": 1e-10, "R2": 0.9999698563667705, "MSE": 2.776028493545987e-08, "cross_val_score_mean": 0.9948509434260655, "n_samples": 41, "linkage_length": 0.6467415363656928, "training_ID": 2}