{"rr_coeff": [-31.386188764595865, 1.4962245004469688, 0.7333271644065039, 0.7333272237303432, 0.733326722415126, 1.5667294100062619], "rr_incpt": 163.4795589004361, "rr_alpha": 1e-08, "R2": 0.9999346694317841, "MSE": 6.016511595869455e-08, "cross_val_score_mean": 0.9903373639646247, "n_samples": 41, "linkage_length": 6.352853514568897, "training_ID": 25}