{"B": 1.8065113439875156, "res_B": 5.576956246431138e-09, "mu": 0.0004312786997588226, "res_mu": 1.0115446755637548e-10, "Kbond": 6.257938864471828, "Kangle": 0.0007470857982195796, "r0": 10.588089190948162, "cosT0": -0.5}