{"B": 1.8065113439875564, "res_B": 5.576956246431138e-09, "mu": 0.14504890221167396, "res_mu": 1.0115446788811657e-10, "Kbond": 3.128969432235985, "Kangle": 3.2603380232259878, "r0": 10.588089190948162, "cosT0": -0.5}