{"B": 1.4579977079805562, "res_B": 6.190532891832416e-09, "mu": 0.07827895586222208, "res_mu": 3.957240011014307e-10, "Kbond": 2.5253261075412943, "Kangle": 2.56803287108883, "r0": 12.879820170611213, "cosT0": -0.5}