{"B": 1.457997707980525, "res_B": 6.190532891832416e-09, "mu": 0.00015729110760356548, "res_mu": 3.957240016396534e-10, "Kbond": 5.050652215082481, "Kangle": 0.000272450886165244, "r0": 12.879820170611213, "cosT0": -0.5}