{"rr_coeff": [-32.51117716884089, 1.2619730038080366, 0.06876730101633151, 0.06876730101630514, 0.06876742223882643, 3.0291822985905723], "rr_incpt": 209.38970737755434, "rr_alpha": 1e-08, "R2": 0.9998983814642503, "MSE": 1.361011519307556e-07, "cross_val_score_mean": 0.9972848581488145, "n_samples": 41, "linkage_length": 4.3084921944092285, "training_ID": 16}