{"rr_coeff": [-32.511158803602164, 1.2619722909764832, 0.09761444958010843, 0.09761444958011105, 0.0976145850423952, 3.215306195118515], "rr_incpt": 209.38958909581564, "rr_alpha": 1e-08, "R2": 0.999898377670137, "MSE": 1.361062335152921e-07, "cross_val_score_mean": 0.9972899036953901, "n_samples": 41, "linkage_length": 4.104153738087751, "training_ID": 12}