{"rr_coeff": [-53.36953002310893, 4.00742997400678, -0.13637214368283962, -0.13637212681967945, 0.7762898844528501, 0.69955344965427], "rr_incpt": 177.6875671559707, "rr_alpha": 1e-10, "R2": 0.9997922078445853, "MSE": 2.0980121205456662e-07, "cross_val_score_mean": 0.9543160103991902, "n_samples": 41, "linkage_length": 0.2699256036458909, "training_ID": 1}