{"rr_coeff": [-53.352268221893596, 4.006135683983795, 165.22074642695384, 165.2207464237672, 46.43181373443012, 0.0964969723129166], "rr_incpt": 177.63004420113546, "rr_alpha": 1e-12, "R2": 0.9997926979251398, "MSE": 2.093063931133531e-07, "cross_val_score_mean": 0.4686781620195445, "n_samples": 41, "linkage_length": 2.651440396531032, "training_ID": 19}