{"B": 4.660970522391462, "res_B": 7.702470444132659e-10, "mu": 0.04567142748180488, "res_mu": 9.166753988731737e-11, "Kbond": 8.073037757362863, "Kangle": 0.39144916495670184, "r0": 6.657172938543853, "cosT0": -0.5}