{"B": 4.6609705223915805, "res_B": 7.702470444132659e-10, "mu": 0.00034351337619255745, "res_mu": 9.166753980496602e-11, "Kbond": 16.146075514726135, "Kangle": 0.0005950045465529134, "r0": 6.657172938543853, "cosT0": -0.5}