{"rr_coeff": [-53.37008847974692, 4.007472014614294, -0.1330536525063578, -0.13305365253317514, 0.7721549393333762, 0.6868105275362794], "rr_incpt": 177.68942216720973, "rr_alpha": 1e-10, "R2": 0.9997922117141919, "MSE": 2.0979729386687894e-07, "cross_val_score_mean": 0.9465869298025796, "n_samples": 41, "linkage_length": 0.2699256036458494, "training_ID": 1}