{"rr_coeff": [-24.38159734205632, 1.9047740877054875, 0.8812751982396804, 0.8812751961870993, -1.7768199932864657, 1.1975552838556298], "rr_incpt": 78.02306956919143, "rr_alpha": 1e-09, "R2": 0.9995544732562277, "MSE": 7.261026012385189e-08, "cross_val_score_mean": 0.9623792725972304, "n_samples": 41, "linkage_length": 3.839499251439598, "training_ID": 28}