{"B": 2.194250535587968, "res_B": 2.3223679991860666e-09, "mu": 0.0057025308739406975, "res_mu": 1.1247814354213232e-11, "Kbond": 7.601106824347163, "Kangle": 0.009889924426910645, "r0": 6.399165419065997, "cosT0": -0.5}