{"rr_coeff": [-25.048434749370276, 1.9445195386444285, -0.2548772944363653, -0.2548756824625713, -0.2988807733099173, 46.07657872954248], "rr_incpt": 80.76422190399651, "rr_alpha": 1e-09, "R2": 0.9998693685993839, "MSE": 2.1289810570668536e-08, "cross_val_score_mean": 0.9908014857659825, "n_samples": 41, "linkage_length": 0.9156796604034206, "training_ID": 4}