{"B": 2.194250535587968, "res_B": 2.3223679991860666e-09, "mu": 0.7005442515322862, "res_mu": 1.1247814126608201e-11, "Kbond": 3.8005534121735813, "Kangle": 6.569476245281379, "r0": 6.399165419065997, "cosT0": -0.5}