{"rr_coeff": [-32.67228618244946, 1.2878200625368823, 0.01878592022901112, 0.018785920228925865, 0.018787072665042728, 2.6391580815372695], "rr_incpt": 207.2258203139095, "rr_alpha": 1e-08, "R2": 0.9999148632241806, "MSE": 1.1143228046320789e-07, "cross_val_score_mean": 0.9978354935762422, "n_samples": 41, "linkage_length": 5.02795001445894, "training_ID": 15}