{"B": 1.4880699933404915, "res_B": 6.36045956129989e-09, "mu": 0.00017409411429558717, "res_mu": 1.8017261231351628e-10, "Kbond": 5.154825667368824, "Kangle": 0.000301557491351062, "r0": 12.684140036629316, "cosT0": -0.5}