{"B": 1.488069993340469, "res_B": 6.36045956129989e-09, "mu": 0.08402865259933408, "res_mu": 1.8017261172902402e-10, "Kbond": 2.5774128336843733, "Kangle": 2.677354763951987, "r0": 12.684140036629316, "cosT0": -0.5}