{"rr_coeff": [-32.67228534558072, 1.287820029548273, 0.018808780280103212, 0.018808780280103257, 0.018809936830731858, 2.6395355709936665], "rr_incpt": 207.22581500675008, "rr_alpha": 1e-08, "R2": 0.999914863251887, "MSE": 1.1143224419917027e-07, "cross_val_score_mean": 0.9978355630082679, "n_samples": 41, "linkage_length": 5.020661945433592, "training_ID": 19}